{
  "info": {
    "name": "Chat APIs - Panchakarma",
    "description": "Comprehensive chat system APIs for patient-doctor communication",
    "schema": "https://schema.getpostman.com/json/collection/v2.1.0/collection.json"
  },
  "variable": [
    {
      "key": "base_url",
      "value": "http://localhost:3000/api",
      "type": "string"
    },
    {
      "key": "patient_token",
      "value": "",
      "type": "string"
    },
    {
      "key": "doctor_token",
      "value": "",
      "type": "string"
    }
  ],
  "auth": {
    "type": "bearer",
    "bearer": [
      {
        "key": "token",
        "value": "{{patient_token}}",
        "type": "string"
      }
    ]
  },
  "item": [
    {
      "name": "Authentication",
      "item": [
        {
          "name": "Patient Login",
          "event": [
            {
              "listen": "test",
              "script": {
                "exec": [
                  "if (pm.response.code === 200) {",
                  "    const response = pm.response.json();",
                  "    if (response.success) {",
                  "        pm.collectionVariables.set('patient_token', response.data.token);",
                  "        console.log('Patient token set:', response.data.token);",
                  "    }",
                  "}"
                ]
              }
            }
          ],
          "request": {
            "method": "POST",
            "header": [
              {
                "key": "Content-Type",
                "value": "application/json"
              }
            ],
            "body": {
              "mode": "raw",
              "raw": "{\n  \"phoneNumber\": \"1234567890\",\n  \"password\": \"test123\"\n}"
            },
            "url": {
              "raw": "{{base_url}}/auth/login",
              "host": ["{{base_url}}"],
              "path": ["auth", "login"]
            }
          }
        },
        {
          "name": "Doctor Login",
          "event": [
            {
              "listen": "test",
              "script": {
                "exec": [
                  "if (pm.response.code === 200) {",
                  "    const response = pm.response.json();",
                  "    if (response.success) {",
                  "        pm.collectionVariables.set('doctor_token', response.data.token);",
                  "        console.log('Doctor token set:', response.data.token);",
                  "    }",
                  "}"
                ]
              }
            }
          ],
          "request": {
            "method": "POST",
            "header": [
              {
                "key": "Content-Type",
                "value": "application/json"
              }
            ],
            "body": {
              "mode": "raw",
              "raw": "{\n  \"phoneNumber\": \"9876543210\",\n  \"password\": \"test123\"\n}"
            },
            "url": {
              "raw": "{{base_url}}/auth/login",
              "host": ["{{base_url}}"],
              "path": ["auth", "login"]
            }
          }
        }
      ]
    },
    {
      "name": "Chat Sessions",
      "item": [
        {
          "name": "Create Chat Session (Patient)",
          "auth": {
            "type": "bearer",
            "bearer": [
              {
                "key": "token",
                "value": "{{patient_token}}",
                "type": "string"
              }
            ]
          },
          "request": {
            "method": "POST",
            "header": [
              {
                "key": "Content-Type",
                "value": "application/json"
              }
            ],
            "body": {
              "mode": "raw",
              "raw": "{\n  \"doctorId\": 1,\n  \"sessionType\": \"chat\",\n  \"initialMessage\": \"Hello doctor, I need some medical advice.\"\n}"
            },
            "url": {
              "raw": "{{base_url}}/chat/sessions",
              "host": ["{{base_url}}"],
              "path": ["chat", "sessions"]
            }
          }
        },
        {
          "name": "Get User Sessions (Patient)",
          "auth": {
            "type": "bearer",
            "bearer": [
              {
                "key": "token",
                "value": "{{patient_token}}",
                "type": "string"
              }
            ]
          },
          "request": {
            "method": "GET",
            "header": [],
            "url": {
              "raw": "{{base_url}}/chat/sessions?page=1&limit=10&status=active",
              "host": ["{{base_url}}"],
              "path": ["chat", "sessions"],
              "query": [
                {
                  "key": "page",
                  "value": "1"
                },
                {
                  "key": "limit",
                  "value": "10"
                },
                {
                  "key": "status",
                  "value": "active"
                }
              ]
            }
          }
        },
        {
          "name": "Get User Sessions (Doctor)",
          "auth": {
            "type": "bearer",
            "bearer": [
              {
                "key": "token",
                "value": "{{doctor_token}}",
                "type": "string"
              }
            ]
          },
          "request": {
            "method": "GET",
            "header": [],
            "url": {
              "raw": "{{base_url}}/chat/sessions?page=1&limit=10&status=pending",
              "host": ["{{base_url}}"],
              "path": ["chat", "sessions"],
              "query": [
                {
                  "key": "page",
                  "value": "1"
                },
                {
                  "key": "limit",
                  "value": "10"
                },
                {
                  "key": "status",
                  "value": "pending"
                }
              ]
            }
          }
        },
        {
          "name": "Get Session Details",
          "auth": {
            "type": "bearer",
            "bearer": [
              {
                "key": "token",
                "value": "{{patient_token}}",
                "type": "string"
              }
            ]
          },
          "request": {
            "method": "GET",
            "header": [],
            "url": {
              "raw": "{{base_url}}/chat/sessions/1",
              "host": ["{{base_url}}"],
              "path": ["chat", "sessions", "1"]
            }
          }
        },
        {
          "name": "Get Session Status",
          "auth": {
            "type": "bearer",
            "bearer": [
              {
                "key": "token",
                "value": "{{patient_token}}",
                "type": "string"
              }
            ]
          },
          "request": {
            "method": "GET",
            "header": [],
            "url": {
              "raw": "{{base_url}}/chat/sessions/1/status",
              "host": ["{{base_url}}"],
              "path": ["chat", "sessions", "1", "status"]
            }
          }
        },
        {
          "name": "Start Chat Session (Doctor)",
          "auth": {
            "type": "bearer",
            "bearer": [
              {
                "key": "token",
                "value": "{{doctor_token}}",
                "type": "string"
              }
            ]
          },
          "request": {
            "method": "PUT",
            "header": [
              {
                "key": "Content-Type",
                "value": "application/json"
              }
            ],
            "body": {
              "mode": "raw",
              "raw": "{}"
            },
            "url": {
              "raw": "{{base_url}}/chat/sessions/1/start",
              "host": ["{{base_url}}"],
              "path": ["chat", "sessions", "1", "start"]
            }
          }
        },
        {
          "name": "End Chat Session",
          "auth": {
            "type": "bearer",
            "bearer": [
              {
                "key": "token",
                "value": "{{patient_token}}",
                "type": "string"
              }
            ]
          },
          "request": {
            "method": "PUT",
            "header": [
              {
                "key": "Content-Type",
                "value": "application/json"
              }
            ],
            "body": {
              "mode": "raw",
              "raw": "{\n  \"notes\": \"Patient consultation completed successfully.\"\n}"
            },
            "url": {
              "raw": "{{base_url}}/chat/sessions/1/end",
              "host": ["{{base_url}}"],
              "path": ["chat", "sessions", "1", "end"]
            }
          }
        }
      ]
    },
    {
      "name": "Chat Messages",
      "item": [
        {
          "name": "Send Text Message",
          "auth": {
            "type": "bearer",
            "bearer": [
              {
                "key": "token",
                "value": "{{patient_token}}",
                "type": "string"
              }
            ]
          },
          "request": {
            "method": "POST",
            "header": [
              {
                "key": "Content-Type",
                "value": "application/json"
              }
            ],
            "body": {
              "mode": "raw",
              "raw": "{\n  \"content\": \"Hello doctor, I have been experiencing headaches for the past few days.\",\n  \"messageType\": \"text\"\n}"
            },
            "url": {
              "raw": "{{base_url}}/chat/sessions/1/messages",
              "host": ["{{base_url}}"],
              "path": ["chat", "sessions", "1", "messages"]
            }
          }
        },
        {
          "name": "Send Image Message",
          "auth": {
            "type": "bearer",
            "bearer": [
              {
                "key": "token",
                "value": "{{patient_token}}",
                "type": "string"
              }
            ]
          },
          "request": {
            "method": "POST",
            "header": [
              {
                "key": "Content-Type",
                "value": "application/json"
              }
            ],
            "body": {
              "mode": "raw",
              "raw": "{\n  \"content\": \"Here is the image of my symptoms\",\n  \"messageType\": \"image\",\n  \"fileUrl\": \"https://example.com/image.jpg\",\n  \"fileName\": \"symptoms.jpg\",\n  \"fileType\": \"image/jpeg\",\n  \"fileSize\": 1024000\n}"
            },
            "url": {
              "raw": "{{base_url}}/chat/sessions/1/messages",
              "host": ["{{base_url}}"],
              "path": ["chat", "sessions", "1", "messages"]
            }
          }
        },
        {
          "name": "Send File Message",
          "auth": {
            "type": "bearer",
            "bearer": [
              {
                "key": "token",
                "value": "{{patient_token}}",
                "type": "string"
              }
            ]
          },
          "request": {
            "method": "POST",
            "header": [
              {
                "key": "Content-Type",
                "value": "application/json"
              }
            ],
            "body": {
              "mode": "raw",
              "raw": "{\n  \"content\": \"Here is my medical report\",\n  \"messageType\": \"file\",\n  \"fileUrl\": \"https://example.com/report.pdf\",\n  \"fileName\": \"medical_report.pdf\",\n  \"fileType\": \"application/pdf\",\n  \"fileSize\": 2048000\n}"
            },
            "url": {
              "raw": "{{base_url}}/chat/sessions/1/messages",
              "host": ["{{base_url}}"],
              "path": ["chat", "sessions", "1", "messages"]
            }
          }
        },
        {
          "name": "Send Reply Message",
          "auth": {
            "type": "bearer",
            "bearer": [
              {
                "key": "token",
                "value": "{{doctor_token}}",
                "type": "string"
              }
            ]
          },
          "request": {
            "method": "POST",
            "header": [
              {
                "key": "Content-Type",
                "value": "application/json"
              }
            ],
            "body": {
              "mode": "raw",
              "raw": "{\n  \"content\": \"I understand your concern. Let me ask you a few questions.\",\n  \"messageType\": \"text\",\n  \"replyToMessageId\": \"uuid-of-previous-message\"\n}"
            },
            "url": {
              "raw": "{{base_url}}/chat/sessions/1/messages",
              "host": ["{{base_url}}"],
              "path": ["chat", "sessions", "1", "messages"]
            }
          }
        },
        {
          "name": "Get Session Messages",
          "auth": {
            "type": "bearer",
            "bearer": [
              {
                "key": "token",
                "value": "{{patient_token}}",
                "type": "string"
              }
            ]
          },
          "request": {
            "method": "GET",
            "header": [],
            "url": {
              "raw": "{{base_url}}/chat/sessions/1/messages?page=1&limit=50&status=delivered",
              "host": ["{{base_url}}"],
              "path": ["chat", "sessions", "1", "messages"],
              "query": [
                {
                  "key": "page",
                  "value": "1"
                },
                {
                  "key": "limit",
                  "value": "50"
                },
                {
                  "key": "status",
                  "value": "delivered"
                }
              ]
            }
          }
        },
        {
          "name": "Mark Messages as Read",
          "auth": {
            "type": "bearer",
            "bearer": [
              {
                "key": "token",
                "value": "{{patient_token}}",
                "type": "string"
              }
            ]
          },
          "request": {
            "method": "PUT",
            "header": [
              {
                "key": "Content-Type",
                "value": "application/json"
              }
            ],
            "body": {
              "mode": "raw",
              "raw": "{\n  \"messageIds\": [1, 2, 3]\n}"
            },
            "url": {
              "raw": "{{base_url}}/chat/sessions/1/messages/read",
              "host": ["{{base_url}}"],
              "path": ["chat", "sessions", "1", "messages", "read"]
            }
          }
        },
        {
          "name": "Mark All Messages as Read",
          "auth": {
            "type": "bearer",
            "bearer": [
              {
                "key": "token",
                "value": "{{patient_token}}",
                "type": "string"
              }
            ]
          },
          "request": {
            "method": "PUT",
            "header": [
              {
                "key": "Content-Type",
                "value": "application/json"
              }
            ],
            "body": {
              "mode": "raw",
              "raw": "{}"
            },
            "url": {
              "raw": "{{base_url}}/chat/sessions/1/messages/read",
              "host": ["{{base_url}}"],
              "path": ["chat", "sessions", "1", "messages", "read"]
            }
          }
        }
      ]
    },
    {
      "name": "Session Types",
      "item": [
        {
          "name": "Create Audio Call Session",
          "auth": {
            "type": "bearer",
            "bearer": [
              {
                "key": "token",
                "value": "{{patient_token}}",
                "type": "string"
              }
            ]
          },
          "request": {
            "method": "POST",
            "header": [
              {
                "key": "Content-Type",
                "value": "application/json"
              }
            ],
            "body": {
              "mode": "raw",
              "raw": "{\n  \"doctorId\": 1,\n  \"sessionType\": \"audio_call\",\n  \"initialMessage\": \"I would like to schedule an audio consultation.\"\n}"
            },
            "url": {
              "raw": "{{base_url}}/chat/sessions",
              "host": ["{{base_url}}"],
              "path": ["chat", "sessions"]
            }
          }
        },
        {
          "name": "Create Video Call Session",
          "auth": {
            "type": "bearer",
            "bearer": [
              {
                "key": "token",
                "value": "{{patient_token}}",
                "type": "string"
              }
            ]
          },
          "request": {
            "method": "POST",
            "header": [
              {
                "key": "Content-Type",
                "value": "application/json"
              }
            ],
            "body": {
              "mode": "raw",
              "raw": "{\n  \"doctorId\": 1,\n  \"sessionType\": \"video_call\",\n  \"initialMessage\": \"I would like to schedule a video consultation.\"\n}"
            },
            "url": {
              "raw": "{{base_url}}/chat/sessions",
              "host": ["{{base_url}}"],
              "path": ["chat", "sessions"]
            }
          }
        }
      ]
    }
  ]
}
