{
  "info": {
    "name": "Panchakarma Doctor APIs",
    "description": "Complete collection of APIs for doctor-side functionality including appointments, time slots, and reviews management",
    "schema": "https://schema.getpostman.com/json/collection/v2.1.0/collection.json"
  },
  "variable": [
    {
      "key": "base_url",
      "value": "http://localhost:3000/api",
      "type": "string"
    },
    {
      "key": "auth_token",
      "value": "",
      "type": "string"
    },
    {
      "key": "doctor_id",
      "value": "",
      "type": "string"
    }
  ],
  "auth": {
    "type": "bearer",
    "bearer": [
      {
        "key": "token",
        "value": "{{auth_token}}",
        "type": "string"
      }
    ]
  },
  "item": [
    {
      "name": "Authentication",
      "item": [
        {
          "name": "Doctor Login",
          "request": {
            "method": "POST",
            "header": [
              {
                "key": "Content-Type",
                "value": "application/json"
              }
            ],
            "body": {
              "mode": "raw",
              "raw": "{\n  \"phoneNumber\": \"9876543210\",\n  \"password\": \"test123\"\n}"
            },
            "url": {
              "raw": "{{base_url}}/auth/login",
              "host": ["{{base_url}}"],
              "path": ["auth", "login"]
            }
          },
          "event": [
            {
              "listen": "test",
              "script": {
                "exec": [
                  "if (pm.response.code === 200) {",
                  "    const response = pm.response.json();",
                  "    if (response.success && response.data.token) {",
                  "        pm.collectionVariables.set('auth_token', response.data.token);",
                  "        pm.collectionVariables.set('doctor_id', response.data.user.id);",
                  "        console.log('Token saved:', response.data.token);",
                  "    }",
                  "}"
                ]
              }
            }
          ]
        }
      ]
    },
    {
      "name": "Doctor Appointments",
      "item": [
        {
          "name": "Get All Appointments",
          "request": {
            "method": "GET",
            "header": [],
            "url": {
              "raw": "{{base_url}}/doctor/appointments?page=1&limit=10&status=pending&sortBy=appointmentDate&sortOrder=ASC",
              "host": ["{{base_url}}"],
              "path": ["doctor", "appointments"],
              "query": [
                {
                  "key": "page",
                  "value": "1"
                },
                {
                  "key": "limit",
                  "value": "10"
                },
                {
                  "key": "status",
                  "value": "pending",
                  "description": "pending, confirmed, completed, cancelled"
                },
                {
                  "key": "sortBy",
                  "value": "appointmentDate",
                  "description": "appointmentDate, createdAt, patientName"
                },
                {
                  "key": "sortOrder",
                  "value": "ASC",
                  "description": "ASC, DESC"
                }
              ]
            }
          }
        },
        {
          "name": "Get Pending Appointments",
          "request": {
            "method": "GET",
            "header": [],
            "url": {
              "raw": "{{base_url}}/doctor/appointments/pending?page=1&limit=10",
              "host": ["{{base_url}}"],
              "path": ["doctor", "appointments", "pending"],
              "query": [
                {
                  "key": "page",
                  "value": "1"
                },
                {
                  "key": "limit",
                  "value": "10"
                }
              ]
            }
          }
        },
        {
          "name": "Get Upcoming Appointments",
          "request": {
            "method": "GET",
            "header": [],
            "url": {
              "raw": "{{base_url}}/doctor/appointments/upcoming?page=1&limit=10",
              "host": ["{{base_url}}"],
              "path": ["doctor", "appointments", "upcoming"],
              "query": [
                {
                  "key": "page",
                  "value": "1"
                },
                {
                  "key": "limit",
                  "value": "10"
                }
              ]
            }
          }
        },
        {
          "name": "Get Completed Appointments",
          "request": {
            "method": "GET",
            "header": [],
            "url": {
              "raw": "{{base_url}}/doctor/appointments/completed?page=1&limit=10",
              "host": ["{{base_url}}"],
              "path": ["doctor", "appointments", "completed"],
              "query": [
                {
                  "key": "page",
                  "value": "1"
                },
                {
                  "key": "limit",
                  "value": "10"
                }
              ]
            }
          }
        },
        {
          "name": "Get Appointment by ID",
          "request": {
            "method": "GET",
            "header": [],
            "url": {
              "raw": "{{base_url}}/doctor/appointments/1",
              "host": ["{{base_url}}"],
              "path": ["doctor", "appointments", "1"]
            }
          }
        },
        {
          "name": "Update Appointment Status",
          "request": {
            "method": "PUT",
            "header": [
              {
                "key": "Content-Type",
                "value": "application/json"
              }
            ],
            "body": {
              "mode": "raw",
              "raw": "{\n  \"status\": \"confirmed\"\n}"
            },
            "url": {
              "raw": "{{base_url}}/doctor/appointments/1/status",
              "host": ["{{base_url}}"],
              "path": ["doctor", "appointments", "1", "status"]
            }
          }
        },
        {
          "name": "Accept Appointment",
          "request": {
            "method": "PUT",
            "header": [],
            "url": {
              "raw": "{{base_url}}/doctor/appointments/1/accept",
              "host": ["{{base_url}}"],
              "path": ["doctor", "appointments", "1", "accept"]
            }
          }
        },
        {
          "name": "Reject Appointment",
          "request": {
            "method": "PUT",
            "header": [],
            "url": {
              "raw": "{{base_url}}/doctor/appointments/1/reject",
              "host": ["{{base_url}}"],
              "path": ["doctor", "appointments", "1", "reject"]
            }
          }
        },
        {
          "name": "Complete Appointment",
          "request": {
            "method": "PUT",
            "header": [],
            "url": {
              "raw": "{{base_url}}/doctor/appointments/1/complete",
              "host": ["{{base_url}}"],
              "path": ["doctor", "appointments", "1", "complete"]
            }
          }
        },
        {
          "name": "Get Appointment Statistics",
          "request": {
            "method": "GET",
            "header": [],
            "url": {
              "raw": "{{base_url}}/doctor/appointments/stats/overview",
              "host": ["{{base_url}}"],
              "path": ["doctor", "appointments", "stats", "overview"]
            }
          }
        }
      ]
    },
    {
      "name": "Doctor Time Slots",
      "item": [
        {
          "name": "Get Time Slots",
          "request": {
            "method": "GET",
            "header": [],
            "url": {
              "raw": "{{base_url}}/doctor/slots",
              "host": ["{{base_url}}"],
              "path": ["doctor", "slots"]
            }
          }
        },
        {
          "name": "Create/Update Time Slots",
          "request": {
            "method": "POST",
            "header": [
              {
                "key": "Content-Type",
                "value": "application/json"
              }
            ],
            "body": {
              "mode": "raw",
              "raw": "{\n  \"weekSchedule\": [\n    {\n      \"day\": \"sunday\",\n      \"isAvailable\": false,\n      \"timeRanges\": []\n    },\n    {\n      \"day\": \"monday\",\n      \"isAvailable\": true,\n      \"timeRanges\": [\n        {\n          \"startTime\": \"09:00 AM\",\n          \"endTime\": \"12:00 PM\",\n          \"slotDuration\": 30\n        },\n        {\n          \"startTime\": \"02:00 PM\",\n          \"endTime\": \"05:00 PM\",\n          \"slotDuration\": 30\n        }\n      ]\n    },\n    {\n      \"day\": \"tuesday\",\n      \"isAvailable\": true,\n      \"timeRanges\": [\n        {\n          \"startTime\": \"09:00 AM\",\n          \"endTime\": \"12:00 PM\",\n          \"slotDuration\": 30\n        },\n        {\n          \"startTime\": \"02:00 PM\",\n          \"endTime\": \"05:00 PM\",\n          \"slotDuration\": 30\n        }\n      ]\n    },\n    {\n      \"day\": \"wednesday\",\n      \"isAvailable\": true,\n      \"timeRanges\": [\n        {\n          \"startTime\": \"09:00 AM\",\n          \"endTime\": \"12:00 PM\",\n          \"slotDuration\": 30\n        },\n        {\n          \"startTime\": \"02:00 PM\",\n          \"endTime\": \"05:00 PM\",\n          \"slotDuration\": 30\n        }\n      ]\n    },\n    {\n      \"day\": \"thursday\",\n      \"isAvailable\": true,\n      \"timeRanges\": [\n        {\n          \"startTime\": \"09:00 AM\",\n          \"endTime\": \"12:00 PM\",\n          \"slotDuration\": 30\n        },\n        {\n          \"startTime\": \"02:00 PM\",\n          \"endTime\": \"05:00 PM\",\n          \"slotDuration\": 30\n        }\n      ]\n    },\n    {\n      \"day\": \"friday\",\n      \"isAvailable\": true,\n      \"timeRanges\": [\n        {\n          \"startTime\": \"09:00 AM\",\n          \"endTime\": \"12:00 PM\",\n          \"slotDuration\": 30\n        },\n        {\n          \"startTime\": \"02:00 PM\",\n          \"endTime\": \"05:00 PM\",\n          \"slotDuration\": 30\n        }\n      ]\n    },\n    {\n      \"day\": \"saturday\",\n      \"isAvailable\": true,\n      \"timeRanges\": [\n        {\n          \"startTime\": \"09:00 AM\",\n          \"endTime\": \"01:00 PM\",\n          \"slotDuration\": 30\n        }\n      ]\n    }\n  ]\n}"
            },
            "url": {
              "raw": "{{base_url}}/doctor/slots",
              "host": ["{{base_url}}"],
              "path": ["doctor", "slots"]
            }
          }
        }
      ]
    },
    {
      "name": "Patient Appointment Booking",
      "item": [
        {
          "name": "Get Available Time Slots",
          "request": {
            "method": "GET",
            "header": [],
            "url": {
              "raw": "{{base_url}}/appointments/available-slots?doctorId=1&date=2024-01-24&timePeriod=morning",
              "host": ["{{base_url}}"],
              "path": ["appointments", "available-slots"],
              "query": [
                {
                  "key": "doctorId",
                  "value": "1"
                },
                {
                  "key": "date",
                  "value": "2024-01-24",
                  "description": "YYYY-MM-DD format"
                },
                {
                  "key": "timePeriod",
                  "value": "morning",
                  "description": "morning or evening"
                }
              ]
            }
          }
        },
        {
          "name": "Create Appointment",
          "request": {
            "method": "POST",
            "header": [
              {
                "key": "Content-Type",
                "value": "application/json"
              }
            ],
            "body": {
              "mode": "raw",
              "raw": "{\n  \"doctorId\": 1,\n  \"appointmentDate\": \"2024-01-24\",\n  \"appointmentTime\": \"10:00\",\n  \"serviceType\": \"video_call\",\n  \"patientName\": \"John Doe\",\n  \"patientPhone\": \"9876543210\",\n  \"patientEmail\": \"john@example.com\",\n  \"symptoms\": \"Headache and fever\",\n  \"notes\": \"Urgent consultation needed\"\n}"
            },
            "url": {
              "raw": "{{base_url}}/appointments",
              "host": ["{{base_url}}"],
              "path": ["appointments"]
            }
          }
        }
      ]
    },
    {
      "name": "Doctor Reviews",
      "item": [
        {
          "name": "Get All Reviews",
          "request": {
            "method": "GET",
            "header": [],
            "url": {
              "raw": "{{base_url}}/doctor/reviews?page=1&limit=10&sortBy=createdAt&sortOrder=DESC",
              "host": ["{{base_url}}"],
              "path": ["doctor", "reviews"],
              "query": [
                {
                  "key": "page",
                  "value": "1"
                },
                {
                  "key": "limit",
                  "value": "10"
                },
                {
                  "key": "rating",
                  "value": "",
                  "description": "Filter by rating (1-5), optional"
                },
                {
                  "key": "sortBy",
                  "value": "createdAt",
                  "description": "createdAt, rating"
                },
                {
                  "key": "sortOrder",
                  "value": "DESC",
                  "description": "ASC, DESC"
                }
              ]
            }
          }
        },
        {
          "name": "Get Review by ID",
          "request": {
            "method": "GET",
            "header": [],
            "url": {
              "raw": "{{base_url}}/doctor/reviews/1",
              "host": ["{{base_url}}"],
              "path": ["doctor", "reviews", "1"]
            }
          }
        },
        {
          "name": "Delete Review",
          "request": {
            "method": "DELETE",
            "header": [],
            "url": {
              "raw": "{{base_url}}/doctor/reviews/1",
              "host": ["{{base_url}}"],
              "path": ["doctor", "reviews", "1"]
            }
          }
        },
        {
          "name": "Get Review Statistics",
          "request": {
            "method": "GET",
            "header": [],
            "url": {
              "raw": "{{base_url}}/doctor/reviews/statistics",
              "host": ["{{base_url}}"],
              "path": ["doctor", "reviews", "statistics"]
            }
          }
        }
      ]
    },
    {
      "name": "Doctor Services",
      "item": [
        {
          "name": "Get Doctor Services",
          "request": {
            "method": "GET",
            "header": [],
            "url": {
              "raw": "{{base_url}}/doctor/services",
              "host": ["{{base_url}}"],
              "path": ["doctor", "services"]
            }
          }
        },
        {
          "name": "Update Doctor Services",
          "request": {
            "method": "PUT",
            "header": [
              {
                "key": "Content-Type",
                "value": "application/json"
              }
            ],
            "body": {
              "mode": "raw",
              "raw": "{\n  \"chatPrice\": 50,\n  \"chatEnabled\": true,\n  \"audioPrice\": 100,\n  \"audioEnabled\": true,\n  \"videoPrice\": 150,\n  \"videoEnabled\": true\n}"
            },
            "url": {
              "raw": "{{base_url}}/doctor/services",
              "host": ["{{base_url}}"],
              "path": ["doctor", "services"]
            }
          }
        }
      ]
    },
    {
      "name": "User Profile",
      "item": [
        {
          "name": "Update Profile",
          "request": {
            "method": "PUT",
            "header": [
              {
                "key": "Content-Type",
                "value": "multipart/form-data"
              }
            ],
            "body": {
              "mode": "formdata",
              "formdata": [
                {
                  "key": "fullName",
                  "value": "Dr. John Doe",
                  "type": "text"
                },
                {
                  "key": "email",
                  "value": "doctor@example.com",
                  "type": "text"
                },
                {
                  "key": "phoneNumber",
                  "value": "9876543210",
                  "type": "text"
                },
                {
                  "key": "location",
                  "value": "Mumbai, Maharashtra",
                  "type": "text"
                },
                {
                  "key": "gender",
                  "value": "male",
                  "type": "text"
                },
                {
                  "key": "dateOfBirth",
                  "value": "1985-05-15",
                  "type": "text"
                },
                {
                  "key": "profileImage",
                  "type": "file",
                  "src": []
                }
              ]
            },
            "url": {
              "raw": "{{base_url}}/auth/profile",
              "host": ["{{base_url}}"],
              "path": ["auth", "profile"]
            }
          }
        }
      ]
    }
  ]
}
