{
	"info": {
		"_postman_id": "panchakarma-api-collection",
		"name": "Panchakarma API",
		"description": "Complete API collection for Panchakarma - Healthy Lifestyle with Ayurveda\n\nThis collection includes:\n- Public Authentication APIs\n- Protected User APIs\n- Admin Authentication & Management APIs\n- Email Templates\n- File Upload Support\n\nBase URL: {{base_url}}\nEnvironment: {{environment}}",
		"schema": "https://schema.getpostman.com/json/collection/v2.1.0/collection.json",
		"_exporter_id": "panchakarma-api"
	},
	"item": [
		{
			"name": "Health Check",
			"item": [
				{
					"name": "API Health Check",
					"request": {
						"method": "GET",
						"header": [],
						"url": {
							"raw": "{{base_url}}/api/health",
							"host": [
								"{{base_url}}"
							],
							"path": [
								"api",
								"health"
							]
						},
						"description": "Check if the API is running and healthy"
					},
					"response": []
				},
				{
					"name": "Admin Health Check",
					"request": {
						"method": "GET",
						"header": [],
						"url": {
							"raw": "{{base_url}}/admin/health",
							"host": [
								"{{base_url}}"
							],
							"path": [
								"admin",
								"health"
							]
						},
						"description": "Check if the admin API is running and healthy"
					},
					"response": []
				}
			],
			"description": "Health check endpoints to verify API status"
		},
		{
			"name": "Public Authentication",
			"item": [
				{
					"name": "Register Patient",
					"request": {
						"method": "POST",
						"header": [
							{
								"key": "Content-Type",
								"value": "application/json"
							}
						],
						"body": {
							"mode": "raw",
							"raw": "{\n  \"role\": \"patient\",\n  \"email\": \"patient@example.com\",\n  \"password\": \"password123\",\n  \"confirmPassword\": \"password123\",\n  \"phoneNumber\": \"+1234567890\",\n  \"fullName\": \"John Doe\",\n  \"dateOfBirth\": \"1990-01-01\",\n  \"gender\": \"male\",\n  \"address\": \"123 Main St, City, State 12345\",\n  \"emergencyContact\": \"+1987654321\",\n  \"medicalHistory\": \"No significant medical history\",\n  \"allergies\": \"None\",\n  \"currentMedications\": \"None\"\n}"
						},
						"url": {
							"raw": "{{base_url}}/api/auth/register",
							"host": [
								"{{base_url}}"
							],
							"path": [
								"api",
								"auth",
								"register"
							]
						},
						"description": "Register a new patient account"
					},
					"response": []
				},
				{
					"name": "Register Doctor",
					"request": {
						"method": "POST",
						"header": [
							{
								"key": "Content-Type",
								"value": "application/json"
							}
						],
						"body": {
							"mode": "raw",
							"raw": "{\n  \"role\": \"doctor\",\n  \"email\": \"doctor@example.com\",\n  \"password\": \"password123\",\n  \"confirmPassword\": \"password123\",\n  \"phoneNumber\": \"+1234567890\",\n  \"fullName\": \"Dr. Jane Smith\",\n  \"doctorId\": \"DOC123456\",\n  \"department\": \"Ayurveda\",\n  \"experience\": \"10 years of experience in Ayurvedic medicine\",\n  \"qualifications\": \"MD in Ayurveda, Certified Panchakarma Specialist\",\n  \"specialization\": \"Panchakarma Therapy, Ayurvedic Consultation\",\n  \"licenseNumber\": \"AYU123456789\",\n  \"documents\": []\n}"
						},
						"url": {
							"raw": "{{base_url}}/api/auth/register",
							"host": [
								"{{base_url}}"
							],
							"path": [
								"api",
								"auth",
								"register"
							]
						},
						"description": "Register a new doctor account (requires admin approval)"
					},
					"response": []
				},
				{
					"name": "Register Clinic",
					"request": {
						"method": "POST",
						"header": [
							{
								"key": "Content-Type",
								"value": "application/json"
							}
						],
						"body": {
							"mode": "raw",
							"raw": "{\n  \"role\": \"clinic\",\n  \"email\": \"clinic@example.com\",\n  \"password\": \"password123\",\n  \"confirmPassword\": \"password123\",\n  \"phoneNumber\": \"+1234567890\",\n  \"clinicName\": \"Ayurvedic Wellness Center\",\n  \"department\": \"Ayurveda\",\n  \"experience\": \"15 years of experience in Ayurvedic treatments\",\n  \"address\": \"456 Wellness Ave, City, State 12345\",\n  \"licenseNumber\": \"CLI123456789\",\n  \"documents\": []\n}"
						},
						"url": {
							"raw": "{{base_url}}/api/auth/register",
							"host": [
								"{{base_url}}"
							],
							"path": [
								"api",
								"auth",
								"register"
							]
						},
						"description": "Register a new clinic account (requires admin approval)"
					},
					"response": []
				},
				{
					"name": "Login",
					"request": {
						"method": "POST",
						"header": [
							{
								"key": "Content-Type",
								"value": "application/json"
							}
						],
						"body": {
							"mode": "raw",
							"raw": "{\n  \"email\": \"patient@example.com\",\n  \"password\": \"password123\"\n}"
						},
						"url": {
							"raw": "{{base_url}}/api/auth/login",
							"host": [
								"{{base_url}}"
							],
							"path": [
								"api",
								"auth",
								"login"
							]
						},
						"description": "Login with email and password"
					},
					"response": []
				},
				{
					"name": "Forgot Password",
					"request": {
						"method": "POST",
						"header": [
							{
								"key": "Content-Type",
								"value": "application/json"
							}
						],
						"body": {
							"mode": "raw",
							"raw": "{\n  \"email\": \"patient@example.com\"\n}"
						},
						"url": {
							"raw": "{{base_url}}/api/auth/forgot-password",
							"host": [
								"{{base_url}}"
							],
							"path": [
								"api",
								"auth",
								"forgot-password"
							]
						},
						"description": "Request password reset (sends SMS code)"
					},
					"response": []
				},
				{
					"name": "Verify Code",
					"request": {
						"method": "POST",
						"header": [
							{
								"key": "Content-Type",
								"value": "application/json"
							}
						],
						"body": {
							"mode": "raw",
							"raw": "{\n  \"email\": \"patient@example.com\",\n  \"phoneNumber\": \"+1234567890\",\n  \"code\": \"123456\",\n  \"type\": \"password_reset\"\n}"
						},
						"url": {
							"raw": "{{base_url}}/api/auth/verify-code",
							"host": [
								"{{base_url}}"
							],
							"path": [
								"api",
								"auth",
								"verify-code"
							]
						},
						"description": "Verify SMS code for password reset"
					},
					"response": []
				},
				{
					"name": "Reset Password",
					"request": {
						"method": "POST",
						"header": [
							{
								"key": "Content-Type",
								"value": "application/json"
							}
						],
						"body": {
							"mode": "raw",
							"raw": "{\n  \"email\": \"patient@example.com\",\n  \"phoneNumber\": \"+1234567890\",\n  \"code\": \"123456\",\n  \"newPassword\": \"newpassword123\",\n  \"confirmPassword\": \"newpassword123\"\n}"
						},
						"url": {
							"raw": "{{base_url}}/api/auth/reset-password",
							"host": [
								"{{base_url}}"
							],
							"path": [
								"api",
								"auth",
								"reset-password"
							]
						},
						"description": "Reset password with verified code"
					},
					"response": []
				},
				{
					"name": "Refresh Token",
					"request": {
						"method": "POST",
						"header": [
							{
								"key": "Content-Type",
								"value": "application/json"
							}
						],
						"body": {
							"mode": "raw",
							"raw": "{\n  \"refreshToken\": \"{{refresh_token}}\"\n}"
						},
						"url": {
							"raw": "{{base_url}}/api/auth/refresh-token",
							"host": [
								"{{base_url}}"
							],
							"path": [
								"api",
								"auth",
								"refresh-token"
							]
						},
						"description": "Refresh access token using refresh token"
					},
					"response": []
				},
				{
					"name": "Verify Email",
					"request": {
						"method": "POST",
						"header": [
							{
								"key": "Content-Type",
								"value": "application/json"
							}
						],
						"body": {
							"mode": "raw",
							"raw": "{\n  \"email\": \"{{test_email}}\",\n  \"code\": \"{{verification_code}}\"\n}"
						},
						"url": {
							"raw": "{{base_url}}/api/auth/verify-email",
							"host": [
								"{{base_url}}"
							],
							"path": [
								"api",
								"auth",
								"verify-email"
							]
						},
						"description": "Verify email with verification code"
					},
					"response": []
				},
				{
					"name": "Resend Email Verification",
					"request": {
						"method": "POST",
						"header": [
							{
								"key": "Content-Type",
								"value": "application/json"
							}
						],
						"body": {
							"mode": "raw",
							"raw": "{\n  \"email\": \"{{test_email}}\"\n}"
						},
						"url": {
							"raw": "{{base_url}}/api/auth/resend-email-verification",
							"host": [
								"{{base_url}}"
							],
							"path": [
								"api",
								"auth",
								"resend-email-verification"
							]
						},
						"description": "Resend email verification code"
					},
					"response": []
				},
				{
					"name": "Resend OTP",
					"request": {
						"method": "POST",
						"header": [
							{
								"key": "Content-Type",
								"value": "application/json"
							}
						],
						"body": {
							"mode": "raw",
							"raw": "{\n  \"email\": \"{{test_email}}\",\n  \"phoneNumber\": \"{{test_phone}}\"\n}"
						},
						"url": {
							"raw": "{{base_url}}/api/auth/resend-otp",
							"host": [
								"{{base_url}}"
							],
							"path": [
								"api",
								"auth",
								"resend-otp"
							]
						},
						"description": "Resend OTP for forgot password"
					},
					"response": []
				}
			],
			"description": "Public authentication endpoints that don't require authentication"
		},
		{
			"name": "Protected User APIs",
			"item": [
				{
					"name": "Get Profile",
					"request": {
						"method": "GET",
						"header": [
							{
								"key": "Authorization",
								"value": "Bearer {{access_token}}"
							}
						],
						"url": {
							"raw": "{{base_url}}/api/auth/profile",
							"host": [
								"{{base_url}}"
							],
							"path": [
								"api",
								"auth",
								"profile"
							]
						},
						"description": "Get current user profile (requires authentication)"
					},
					"response": []
				},
				{
					"name": "Change Password",
					"request": {
						"method": "POST",
						"header": [
							{
								"key": "Authorization",
								"value": "Bearer {{access_token}}"
							},
							{
								"key": "Content-Type",
								"value": "application/json"
							}
						],
						"body": {
							"mode": "raw",
							"raw": "{\n  \"currentPassword\": \"password123\",\n  \"newPassword\": \"newpassword123\",\n  \"confirmPassword\": \"newpassword123\"\n}"
						},
						"url": {
							"raw": "{{base_url}}/api/auth/change-password",
							"host": [
								"{{base_url}}"
							],
							"path": [
								"api",
								"auth",
								"change-password"
							]
						},
						"description": "Change user password (requires authentication)"
					},
					"response": []
				},
				{
					"name": "Logout",
					"request": {
						"method": "POST",
						"header": [
							{
								"key": "Authorization",
								"value": "Bearer {{access_token}}"
							}
						],
						"url": {
							"raw": "{{base_url}}/api/auth/logout",
							"host": [
								"{{base_url}}"
							],
							"path": [
								"api",
								"auth",
								"logout"
							]
						},
						"description": "Logout user (invalidate tokens)"
					},
					"response": []
				}
			],
			"description": "Protected endpoints that require user authentication"
		},
		{
			"name": "Admin Authentication",
			"item": [
				{
					"name": "Admin Login",
					"request": {
						"method": "POST",
						"header": [
							{
								"key": "Content-Type",
								"value": "application/json"
							}
						],
						"body": {
							"mode": "raw",
							"raw": "{\n  \"email\": \"admin@panchakarma.com\",\n  \"password\": \"admin123\"\n}"
						},
						"url": {
							"raw": "{{base_url}}/admin/auth/login",
							"host": [
								"{{base_url}}"
							],
							"path": [
								"admin",
								"auth",
								"login"
							]
						},
						"description": "Admin login (requires admin credentials)"
					},
					"response": []
				}
			],
			"description": "Admin authentication endpoints"
		},
		{
			"name": "Admin Management",
			"item": [
				{
					"name": "Get Dashboard",
					"request": {
						"method": "GET",
						"header": [
							{
								"key": "Authorization",
								"value": "Bearer {{admin_token}}"
							}
						],
						"url": {
							"raw": "{{base_url}}/admin/auth/dashboard",
							"host": [
								"{{base_url}}"
							],
							"path": [
								"admin",
								"auth",
								"dashboard"
							]
						},
						"description": "Get admin dashboard statistics"
					},
					"response": []
				},
				{
					"name": "Get All Users",
					"request": {
						"method": "GET",
						"header": [
							{
								"key": "Authorization",
								"value": "Bearer {{admin_token}}"
							}
						],
						"url": {
							"raw": "{{base_url}}/admin/auth/users?page=1&limit=10&search=&role=&status=",
							"host": [
								"{{base_url}}"
							],
							"path": [
								"admin",
								"auth",
								"users"
							],
							"query": [
								{
									"key": "page",
									"value": "1"
								},
								{
									"key": "limit",
									"value": "10"
								},
								{
									"key": "search",
									"value": ""
								},
								{
									"key": "role",
									"value": ""
								},
								{
									"key": "status",
									"value": ""
								}
							]
						},
						"description": "Get all users with pagination and filtering"
					},
					"response": []
				},
				{
					"name": "Get User by ID",
					"request": {
						"method": "GET",
						"header": [
							{
								"key": "Authorization",
								"value": "Bearer {{admin_token}}"
							}
						],
						"url": {
							"raw": "{{base_url}}/admin/auth/users/1",
							"host": [
								"{{base_url}}"
							],
							"path": [
								"admin",
								"auth",
								"users",
								"1"
							]
						},
						"description": "Get specific user details by ID"
					},
					"response": []
				},
				{
					"name": "Approve User",
					"request": {
						"method": "PUT",
						"header": [
							{
								"key": "Authorization",
								"value": "Bearer {{admin_token}}"
							},
							{
								"key": "Content-Type",
								"value": "application/json"
							}
						],
						"body": {
							"mode": "raw",
							"raw": "{\n  \"isApproved\": true\n}"
						},
						"url": {
							"raw": "{{base_url}}/admin/auth/users/1/approve",
							"host": [
								"{{base_url}}"
							],
							"path": [
								"admin",
								"auth",
								"users",
								"1",
								"approve"
							]
						},
						"description": "Approve or reject healthcare provider (doctor/clinic)"
					},
					"response": []
				},
				{
					"name": "Update User Status",
					"request": {
						"method": "PUT",
						"header": [
							{
								"key": "Authorization",
								"value": "Bearer {{admin_token}}"
							},
							{
								"key": "Content-Type",
								"value": "application/json"
							}
						],
						"body": {
							"mode": "raw",
							"raw": "{\n  \"isActive\": true\n}"
						},
						"url": {
							"raw": "{{base_url}}/admin/auth/users/1/status",
							"host": [
								"{{base_url}}"
							],
							"path": [
								"admin",
								"auth",
								"users",
								"1",
								"status"
							]
						},
						"description": "Activate or deactivate user account"
					},
					"response": []
				},
				{
					"name": "Delete User",
					"request": {
						"method": "DELETE",
						"header": [
							{
								"key": "Authorization",
								"value": "Bearer {{admin_token}}"
							}
						],
						"url": {
							"raw": "{{base_url}}/admin/auth/users/1",
							"host": [
								"{{base_url}}"
							],
							"path": [
								"admin",
								"auth",
								"users",
								"1"
							]
						},
						"description": "Delete user account (permanent)"
					},
					"response": []
				},
				{
					"name": "Admin Logout",
					"request": {
						"method": "POST",
						"header": [
							{
								"key": "Authorization",
								"value": "Bearer {{admin_token}}"
							}
						],
						"url": {
							"raw": "{{base_url}}/admin/auth/logout",
							"host": [
								"{{base_url}}"
							],
							"path": [
								"admin",
								"auth",
								"logout"
							]
						},
						"description": "Admin logout"
					},
					"response": []
				}
			],
			"description": "Admin management endpoints for user management"
		},
		{
			"name": "File Upload",
			"item": [
				{
					"name": "Upload Single File",
					"request": {
						"method": "POST",
						"header": [
							{
								"key": "Authorization",
								"value": "Bearer {{access_token}}"
							}
						],
						"body": {
							"mode": "formdata",
							"formdata": [
								{
									"key": "file",
									"type": "file",
									"src": []
								}
							]
						},
						"url": {
							"raw": "{{base_url}}/api/upload/single",
							"host": [
								"{{base_url}}"
							],
							"path": [
								"api",
								"upload",
								"single"
							]
						},
						"description": "Upload a single file (for documents, images, etc.)"
					},
					"response": []
				},
				{
					"name": "Upload Multiple Files",
					"request": {
						"method": "POST",
						"header": [
							{
								"key": "Authorization",
								"value": "Bearer {{access_token}}"
							}
						],
						"body": {
							"mode": "formdata",
							"formdata": [
								{
									"key": "files",
									"type": "file",
									"src": []
								}
							]
						},
						"url": {
							"raw": "{{base_url}}/api/upload/multiple",
							"host": [
								"{{base_url}}"
							],
							"path": [
								"api",
								"upload",
								"multiple"
							]
						},
						"description": "Upload multiple files (for documents, images, etc.)"
					},
					"response": []
				}
			],
			"description": "File upload endpoints for documents and images"
		}
	],
	"event": [
		{
			"listen": "prerequest",
			"script": {
				"type": "text/javascript",
				"exec": [
					"// Set default headers for all requests",
					"pm.request.headers.add({",
					"    key: 'Accept',",
					"    value: 'application/json'",
					"});"
				]
			}
		},
		{
			"listen": "test",
			"script": {
				"type": "text/javascript",
				"exec": [
					"// Common test script for all requests",
					"pm.test('Status code is 200 or 201', function () {",
					"    pm.expect(pm.response.code).to.be.oneOf([200, 201, 400, 401, 403, 404, 500]);",
					"});",
					"",
					"pm.test('Response has success property', function () {",
					"    const response = pm.response.json();",
					"    pm.expect(response).to.have.property('success');",
					"});",
					"",
					"// Auto-save tokens on successful login",
					"if (pm.response.code === 200 && pm.request.url.path.includes('/login')) {",
					"    const response = pm.response.json();",
					"    if (response.success && response.data && response.data.token) {",
					"        if (pm.request.url.path.includes('/admin')) {",
					"            pm.environment.set('admin_token', response.data.token);",
					"            pm.environment.set('admin_refresh_token', response.data.refreshToken);",
					"        } else {",
					"            pm.environment.set('access_token', response.data.token);",
					"            pm.environment.set('refresh_token', response.data.refreshToken);",
					"        }",
					"    }",
					"}"
				]
			}
		}
	],
	"variable": [
		{
			"key": "base_url",
			"value": "http://localhost:3000",
			"type": "string"
		},
		{
			"key": "environment",
			"value": "development",
			"type": "string"
		}
	]
} 