{
	"id": "panchakarma-environment",
	"name": "Panchakarma Environment",
	"values": [
		{
			"key": "base_url",
			"value": "http://localhost:3000",
			"type": "default",
			"enabled": true
		},
		{
			"key": "environment",
			"value": "development",
			"type": "default",
			"enabled": true
		},
		{
			"key": "access_token",
			"value": "",
			"type": "secret",
			"enabled": true
		},
		{
			"key": "refresh_token",
			"value": "",
			"type": "secret",
			"enabled": true
		},
		{
			"key": "admin_token",
			"value": "",
			"type": "secret",
			"enabled": true
		},
		{
			"key": "admin_refresh_token",
			"value": "",
			"type": "secret",
			"enabled": true
		},
		{
			"key": "user_id",
			"value": "",
			"type": "default",
			"enabled": true
		},
		{
			"key": "admin_id",
			"value": "",
			"type": "default",
			"enabled": true
		},
		{
			"key": "test_email",
			"value": "test@example.com",
			"type": "default",
			"enabled": true
		},
		{
			"key": "test_phone",
			"value": "+1234567890",
			"type": "default",
			"enabled": true
		},
		{
			"key": "test_password",
			"value": "password123",
			"type": "secret",
			"enabled": true
		},
		{
			"key": "verification_code",
			"value": "123456",
			"type": "default",
			"enabled": true
		}
	],
	"_postman_variable_scope": "environment",
	"_postman_exported_at": "2024-01-01T00:00:00.000Z",
	"_postman_exported_using": "Postman/10.0.0"
} 