{
  "info": {
    "name": "Panchakarma Mock API Collection",
          "description": "Complete Postman collection for Panchakarma mobile app APIs including categories, doctors, appointments, services, and reviews. All doctor APIs now include profileImage field.",
    "schema": "https://schema.getpostman.com/json/collection/v2.1.0/collection.json"
  },
  "variable": [
    {
      "key": "baseUrl",
      "value": "http://localhost:3000/api",
      "type": "string"
    },
    {
      "key": "authToken",
      "value": "",
      "type": "string"
    }
  ],
  "auth": {
    "type": "bearer",
    "bearer": [
      {
        "key": "token",
        "value": "{{authToken}}",
        "type": "string"
      }
    ]
  },
  "item": [
    {
      "name": "Categories",
      "item": [
        {
          "name": "Get All Categories",
          "request": {
            "method": "GET",
            "header": [],
            "url": {
              "raw": "{{baseUrl}}/categories",
              "host": ["{{baseUrl}}"],
              "path": ["categories"]
            }
          },
          "response": []
        }
      ]
    },
    {
      "name": "Doctors",
      "item": [
        {
          "name": "Get All Doctors",
          "request": {
            "method": "GET",
            "header": [],
            "url": {
              "raw": "{{baseUrl}}/doctors?page=1&limit=10&sortBy=rating&sortOrder=DESC",
              "host": ["{{baseUrl}}"],
              "path": ["doctors"],
              "query": [
                {
                  "key": "page",
                  "value": "1"
                },
                {
                  "key": "limit",
                  "value": "10"
                },
                {
                  "key": "sortBy",
                  "value": "rating"
                },
                {
                  "key": "sortOrder",
                  "value": "DESC"
                }
              ]
            }
          },
          "response": []
        },
        {
          "name": "Get Top Doctors",
          "request": {
            "method": "GET",
            "header": [],
            "url": {
              "raw": "{{baseUrl}}/doctors/top?limit=3",
              "host": ["{{baseUrl}}"],
              "path": ["doctors", "top"],
              "query": [
                {
                  "key": "limit",
                  "value": "3"
                }
              ]
            }
          },
          "response": []
        },
        {
          "name": "Search Doctors",
          "request": {
            "method": "POST",
            "header": [
              {
                "key": "Content-Type",
                "value": "application/json"
              }
            ],
            "body": {
              "mode": "raw",
              "raw": "{\n  \"search\": \"cardiology\",\n  \"categoryIds\": [1, 2],\n  \"specialty\": \"Cardiology\",\n  \"page\": 1,\n  \"limit\": 10\n}"
            },
            "url": {
              "raw": "{{baseUrl}}/doctors/search",
              "host": ["{{baseUrl}}"],
              "path": ["doctors", "search"]
            }
          },
          "response": []
        },
        {
          "name": "Get Doctor by ID",
          "request": {
            "method": "GET",
            "header": [],
            "url": {
              "raw": "{{baseUrl}}/doctors/1",
              "host": ["{{baseUrl}}"],
              "path": ["doctors", "1"]
            }
          },
          "response": []
        },
        {
          "name": "Get Doctors by Category",
          "request": {
            "method": "GET",
            "header": [],
            "url": {
              "raw": "{{baseUrl}}/doctors?categoryId=1&page=1&limit=10",
              "host": ["{{baseUrl}}"],
              "path": ["doctors"],
              "query": [
                {
                  "key": "categoryId",
                  "value": "1"
                },
                {
                  "key": "page",
                  "value": "1"
                },
                {
                  "key": "limit",
                  "value": "10"
                }
              ]
            }
          },
          "response": []
        }
      ]
    },
    {
      "name": "Appointments",
      "item": [
        {
          "name": "Create Appointment",
          "request": {
            "method": "POST",
            "header": [
              {
                "key": "Content-Type",
                "value": "application/json"
              }
            ],
            "body": {
              "mode": "raw",
              "raw": "{\n  \"doctorId\": 1,\n  \"appointmentDate\": \"2024-01-24\",\n  \"appointmentTime\": \"10:00AM\",\n  \"serviceType\": \"Voice Call\",\n  \"patientName\": \"John Doe\",\n  \"patientAge\": \"25 - 30\",\n  \"patientGender\": \"male\",\n  \"problemDescription\": \"I have been experiencing chest pain for the past week.\"\n}"
            },
            "url": {
              "raw": "{{baseUrl}}/appointments",
              "host": ["{{baseUrl}}"],
              "path": ["appointments"]
            }
          },
          "response": []
        },
        {
          "name": "Get My Appointments",
          "request": {
            "method": "GET",
            "header": [],
            "url": {
              "raw": "{{baseUrl}}/appointments/my?page=1&limit=10",
              "host": ["{{baseUrl}}"],
              "path": ["appointments", "my"],
              "query": [
                {
                  "key": "page",
                  "value": "1"
                },
                {
                  "key": "limit",
                  "value": "10"
                }
              ]
            }
          },
          "response": []
        },
        {
          "name": "Get All Appointments",
          "request": {
            "method": "GET",
            "header": [],
            "url": {
              "raw": "{{baseUrl}}/appointments?page=1&limit=10",
              "host": ["{{baseUrl}}"],
              "path": ["appointments"],
              "query": [
                {
                  "key": "page",
                  "value": "1"
                },
                {
                  "key": "limit",
                  "value": "10"
                }
              ]
            }
          },
          "response": []
        },
        {
          "name": "Get Appointment by ID",
          "request": {
            "method": "GET",
            "header": [],
            "url": {
              "raw": "{{baseUrl}}/appointments/1",
              "host": ["{{baseUrl}}"],
              "path": ["appointments", "1"]
            }
          },
          "response": []
        },
        {
          "name": "Update Appointment Status",
          "request": {
            "method": "PUT",
            "header": [
              {
                "key": "Content-Type",
                "value": "application/json"
              }
            ],
            "body": {
              "mode": "raw",
              "raw": "{\n  \"status\": \"confirmed\"\n}"
            },
            "url": {
              "raw": "{{baseUrl}}/appointments/1/status",
              "host": ["{{baseUrl}}"],
              "path": ["appointments", "1", "status"]
            }
          },
          "response": []
        },
        {
          "name": "Cancel Appointment",
          "request": {
            "method": "DELETE",
            "header": [],
            "url": {
              "raw": "{{baseUrl}}/appointments/1",
              "host": ["{{baseUrl}}"],
              "path": ["appointments", "1"]
            }
          },
          "response": []
        },
        {
          "name": "Get Available Slots",
          "request": {
            "method": "GET",
            "header": [],
            "url": {
              "raw": "{{baseUrl}}/doctors/1/available-slots?date=2024-01-24&timeOfDay=morning",
              "host": ["{{baseUrl}}"],
              "path": ["doctors", "1", "available-slots"],
              "query": [
                {
                  "key": "date",
                  "value": "2024-01-24"
                },
                {
                  "key": "timeOfDay",
                  "value": "morning"
                }
              ]
            }
          },
          "response": []
        },
        {
          "name": "Get Available Slots (Evening)",
          "request": {
            "method": "GET",
            "header": [],
            "url": {
              "raw": "{{baseUrl}}/doctors/1/available-slots?date=2024-01-24&timeOfDay=evening",
              "host": ["{{baseUrl}}"],
              "path": ["doctors", "1", "available-slots"],
              "query": [
                {
                  "key": "date",
                  "value": "2024-01-24"
                },
                {
                  "key": "timeOfDay",
                  "value": "evening"
                }
              ]
            }
          },
          "response": []
        }
      ]
    },
    {
      "name": "Services",
      "item": [
        {
          "name": "Get All Services",
          "request": {
            "method": "GET",
            "header": [],
            "url": {
              "raw": "{{baseUrl}}/services",
              "host": ["{{baseUrl}}"],
              "path": ["services"]
            }
          },
          "response": []
        },
        {
          "name": "Get Service Prices",
          "request": {
            "method": "GET",
            "header": [],
            "url": {
              "raw": "{{baseUrl}}/services/prices",
              "host": ["{{baseUrl}}"],
              "path": ["services", "prices"]
            }
          },
          "response": []
        },
        {
          "name": "Get Service by ID",
          "request": {
            "method": "GET",
            "header": [],
            "url": {
              "raw": "{{baseUrl}}/services/1",
              "host": ["{{baseUrl}}"],
              "path": ["services", "1"]
            }
          },
          "response": []
        },
        {
          "name": "Get Service by Type",
          "request": {
            "method": "GET",
            "header": [],
            "url": {
              "raw": "{{baseUrl}}/services/type/Voice%20Call",
              "host": ["{{baseUrl}}"],
              "path": ["services", "type", "Voice Call"]
            }
          },
          "response": []
        },
        {
          "name": "Initialize Default Services",
          "request": {
            "method": "POST",
            "header": [],
            "url": {
              "raw": "{{baseUrl}}/services/initialize",
              "host": ["{{baseUrl}}"],
              "path": ["services", "initialize"]
            }
          },
          "response": []
        }
      ]
    },
    {
      "name": "Reviews",
      "item": [
        {
          "name": "Create Review",
          "request": {
            "method": "POST",
            "header": [
              {
                "key": "Content-Type",
                "value": "application/json"
              }
            ],
            "body": {
              "mode": "raw",
              "raw": "{\n  \"doctorId\": 1,\n  \"rating\": 5,\n  \"comment\": \"Excellent doctor with great bedside manner. Very knowledgeable and caring.\",\n  \"isRecommended\": true\n}"
            },
            "url": {
              "raw": "{{baseUrl}}/reviews",
              "host": ["{{baseUrl}}"],
              "path": ["reviews"]
            }
          },
          "response": []
        },
        {
          "name": "Get All Reviews",
          "request": {
            "method": "GET",
            "header": [],
            "url": {
              "raw": "{{baseUrl}}/reviews?page=1&limit=10&sortBy=createdAt&sortOrder=DESC",
              "host": ["{{baseUrl}}"],
              "path": ["reviews"],
              "query": [
                {
                  "key": "page",
                  "value": "1"
                },
                {
                  "key": "limit",
                  "value": "10"
                },
                {
                  "key": "sortBy",
                  "value": "createdAt"
                },
                {
                  "key": "sortOrder",
                  "value": "DESC"
                }
              ]
            }
          },
          "response": []
        },
        {
          "name": "Get Review Statistics",
          "request": {
            "method": "GET",
            "header": [],
            "url": {
              "raw": "{{baseUrl}}/reviews/statistics",
              "host": ["{{baseUrl}}"],
              "path": ["reviews", "statistics"]
            }
          },
          "response": []
        },
        {
          "name": "Get Reviews by Doctor",
          "request": {
            "method": "GET",
            "header": [],
            "url": {
              "raw": "{{baseUrl}}/reviews/doctor/1?page=1&limit=10",
              "host": ["{{baseUrl}}"],
              "path": ["reviews", "doctor", "1"],
              "query": [
                {
                  "key": "page",
                  "value": "1"
                },
                {
                  "key": "limit",
                  "value": "10"
                }
              ]
            }
          },
          "response": []
        },
        {
          "name": "Get My Reviews",
          "request": {
            "method": "GET",
            "header": [],
            "url": {
              "raw": "{{baseUrl}}/reviews/patient/me?page=1&limit=10",
              "host": ["{{baseUrl}}"],
              "path": ["reviews", "patient", "me"],
              "query": [
                {
                  "key": "page",
                  "value": "1"
                },
                {
                  "key": "limit",
                  "value": "10"
                }
              ]
            }
          },
          "response": []
        },
        {
          "name": "Get Review by ID",
          "request": {
            "method": "GET",
            "header": [],
            "url": {
              "raw": "{{baseUrl}}/reviews/1",
              "host": ["{{baseUrl}}"],
              "path": ["reviews", "1"]
            }
          },
          "response": []
        },
        {
          "name": "Update Review",
          "request": {
            "method": "PUT",
            "header": [
              {
                "key": "Content-Type",
                "value": "application/json"
              }
            ],
            "body": {
              "mode": "raw",
              "raw": "{\n  \"rating\": 4,\n  \"comment\": \"Updated comment - still a great doctor but room for improvement\",\n  \"isRecommended\": true\n}"
            },
            "url": {
              "raw": "{{baseUrl}}/reviews/1",
              "host": ["{{baseUrl}}"],
              "path": ["reviews", "1"]
            }
          },
          "response": []
        },
        {
          "name": "Delete Review",
          "request": {
            "method": "DELETE",
            "header": [],
            "url": {
              "raw": "{{baseUrl}}/reviews/1",
              "host": ["{{baseUrl}}"],
              "path": ["reviews", "1"]
            }
          },
          "response": []
        }
      ]
    },
    {
      "name": "Authentication",
      "item": [
        {
          "name": "Register User",
          "request": {
            "method": "POST",
            "header": [
              {
                "key": "Content-Type",
                "value": "application/json"
              }
            ],
            "body": {
              "mode": "raw",
              "raw": "{\n  \"role\": \"patient\",\n  \"email\": \"patient@example.com\",\n  \"password\": \"password123\",\n  \"confirmPassword\": \"password123\",\n  \"phoneNumber\": \"+1234567890\",\n  \"fullName\": \"John Doe\"\n}"
            },
            "url": {
              "raw": "{{baseUrl}}/auth/register",
              "host": ["{{baseUrl}}"],
              "path": ["auth", "register"]
            }
          },
          "response": []
        },
        {
          "name": "Login User",
          "request": {
            "method": "POST",
            "header": [
              {
                "key": "Content-Type",
                "value": "application/json"
              }
            ],
            "body": {
              "mode": "raw",
              "raw": "{\n  \"phoneNumber\": \"+1234567890\",\n  \"password\": \"password123\"\n}"
            },
            "url": {
              "raw": "{{baseUrl}}/auth/login",
              "host": ["{{baseUrl}}"],
              "path": ["auth", "login"]
            }
          },
          "response": []
        },
        {
          "name": "Get Profile",
          "request": {
            "method": "GET",
            "header": [],
            "url": {
              "raw": "{{baseUrl}}/auth/profile",
              "host": ["{{baseUrl}}"],
              "path": ["auth", "profile"]
            }
          },
          "response": []
        },
        {
          "name": "Refresh Token",
          "request": {
            "method": "POST",
            "header": [
              {
                "key": "Content-Type",
                "value": "application/json"
              }
            ],
            "body": {
              "mode": "raw",
              "raw": "{\n  \"refreshToken\": \"your-refresh-token-here\"\n}"
            },
            "url": {
              "raw": "{{baseUrl}}/auth/refresh-token",
              "host": ["{{baseUrl}}"],
              "path": ["auth", "refresh-token"]
            }
          },
          "response": []
        },
        {
          "name": "Logout",
          "request": {
            "method": "POST",
            "header": [],
            "url": {
              "raw": "{{baseUrl}}/auth/logout",
              "host": ["{{baseUrl}}"],
              "path": ["auth", "logout"]
            }
          },
          "response": []
        }
      ]
    },
    {
      "name": "Complete User Flows",
      "item": [
        {
          "name": "1. Home Screen Flow",
          "item": [
            {
              "name": "Get Categories",
              "request": {
                "method": "GET",
                "header": [],
                "url": {
                  "raw": "{{baseUrl}}/categories",
                  "host": ["{{baseUrl}}"],
                  "path": ["categories"]
                }
              },
              "response": []
            },
            {
              "name": "Get Top Doctors",
              "request": {
                "method": "GET",
                "header": [],
                "url": {
                  "raw": "{{baseUrl}}/doctors/top?limit=3",
                  "host": ["{{baseUrl}}"],
                  "path": ["doctors", "top"],
                  "query": [
                    {
                      "key": "limit",
                      "value": "3"
                    }
                  ]
                }
              },
              "response": []
            },
            {
              "name": "Get Review Statistics",
              "request": {
                "method": "GET",
                "header": [],
                "url": {
                  "raw": "{{baseUrl}}/reviews/statistics",
                  "host": ["{{baseUrl}}"],
                  "path": ["reviews", "statistics"]
                }
              },
              "response": []
            }
          ]
        },
        {
          "name": "2. Category Selection Flow",
          "item": [
            {
              "name": "Search Doctors by Category",
              "request": {
                "method": "POST",
                "header": [
                  {
                    "key": "Content-Type",
                    "value": "application/json"
                  }
                ],
                "body": {
                  "mode": "raw",
                  "raw": "{\n  \"categoryIds\": [1, 2],\n  \"page\": 1,\n  \"limit\": 10\n}"
                },
                "url": {
                  "raw": "{{baseUrl}}/doctors/search",
                  "host": ["{{baseUrl}}"],
                  "path": ["doctors", "search"]
                }
              },
              "response": []
            }
          ]
        },
        {
          "name": "3. Doctor Details Flow",
          "item": [
            {
              "name": "Get Doctor Details",
              "request": {
                "method": "GET",
                "header": [],
                "url": {
                  "raw": "{{baseUrl}}/doctors/1",
                  "host": ["{{baseUrl}}"],
                  "path": ["doctors", "1"]
                }
              },
              "response": []
            },
            {
              "name": "Get Doctor Reviews",
              "request": {
                "method": "GET",
                "header": [],
                "url": {
                  "raw": "{{baseUrl}}/reviews/doctor/1?page=1&limit=5",
                  "host": ["{{baseUrl}}"],
                  "path": ["reviews", "doctor", "1"],
                  "query": [
                    {
                      "key": "page",
                      "value": "1"
                    },
                    {
                      "key": "limit",
                      "value": "5"
                    }
                  ]
                }
              },
              "response": []
            }
          ]
        },
        {
          "name": "4. Appointment Booking Flow",
          "item": [
            {
              "name": "Get Available Slots",
              "request": {
                "method": "GET",
                "header": [],
                "url": {
                  "raw": "{{baseUrl}}/doctors/1/available-slots?date=2024-01-24&timeOfDay=morning",
                  "host": ["{{baseUrl}}"],
                  "path": ["doctors", "1", "available-slots"],
                  "query": [
                    {
                      "key": "date",
                      "value": "2024-01-24"
                    },
                    {
                      "key": "timeOfDay",
                      "value": "morning"
                    }
                  ]
                }
              },
              "response": []
            },
            {
              "name": "Get Service Prices",
              "request": {
                "method": "GET",
                "header": [],
                "url": {
                  "raw": "{{baseUrl}}/services/prices",
                  "host": ["{{baseUrl}}"],
                  "path": ["services", "prices"]
                }
              },
              "response": []
            },
            {
              "name": "Create Appointment",
              "request": {
                "method": "POST",
                "header": [
                  {
                    "key": "Content-Type",
                    "value": "application/json"
                  }
                ],
                "body": {
                  "mode": "raw",
                  "raw": "{\n  \"doctorId\": 1,\n  \"appointmentDate\": \"2024-01-24\",\n  \"appointmentTime\": \"10:00AM\",\n  \"serviceType\": \"Voice Call\",\n  \"patientName\": \"John Doe\",\n  \"patientAge\": \"25 - 30\",\n  \"patientGender\": \"male\",\n  \"problemDescription\": \"Chest pain consultation\"\n}"
                },
                "url": {
                  "raw": "{{baseUrl}}/appointments",
                  "host": ["{{baseUrl}}"],
                  "path": ["appointments"]
                }
              },
              "response": []
            }
          ]
        },
        {
          "name": "5. Review System Flow",
          "item": [
            {
              "name": "Create Review",
              "request": {
                "method": "POST",
                "header": [
                  {
                    "key": "Content-Type",
                    "value": "application/json"
                  }
                ],
                "body": {
                  "mode": "raw",
                  "raw": "{\n  \"doctorId\": 1,\n  \"rating\": 5,\n  \"comment\": \"Excellent doctor with great bedside manner\",\n  \"isRecommended\": true\n}"
                },
                "url": {
                  "raw": "{{baseUrl}}/reviews",
                  "host": ["{{baseUrl}}"],
                  "path": ["reviews"]
                }
              },
              "response": []
            },
            {
              "name": "Get Review Statistics",
              "request": {
                "method": "GET",
                "header": [],
                "url": {
                  "raw": "{{baseUrl}}/reviews/statistics",
                  "host": ["{{baseUrl}}"],
                  "path": ["reviews", "statistics"]
                }
              },
              "response": []
            },
            {
              "name": "Get My Reviews",
              "request": {
                "method": "GET",
                "header": [],
                "url": {
                  "raw": "{{baseUrl}}/reviews/patient/me?page=1&limit=10",
                  "host": ["{{baseUrl}}"],
                  "path": ["reviews", "patient", "me"],
                  "query": [
                    {
                      "key": "page",
                      "value": "1"
                    },
                    {
                      "key": "limit",
                      "value": "10"
                    }
                  ]
                }
              },
              "response": []
            }
          ]
        }
      ]
    },
    {
      "name": "Health Check",
      "item": [
        {
          "name": "API Health Check",
          "request": {
            "method": "GET",
            "header": [],
            "url": {
              "raw": "{{baseUrl}}/health",
              "host": ["{{baseUrl}}"],
              "path": ["health"]
            }
          },
          "response": []
        },
        {
          "name": "API Documentation",
          "request": {
            "method": "GET",
            "header": [],
            "url": {
              "raw": "{{baseUrl}}/docs",
              "host": ["{{baseUrl}}"],
              "path": ["docs"]
            }
          },
          "response": []
        }
      ]
    }
  ]
} 