{
  "info": {
    "name": "Review API Collection",
    "description": "Collection for testing Review API endpoints",
    "schema": "https://schema.getpostman.com/json/collection/v2.1.0/collection.json"
  },
  "variable": [
    {
      "key": "baseUrl",
      "value": "http://localhost:3000/api",
      "type": "string"
    },
    {
      "key": "authToken",
      "value": "",
      "type": "string"
    }
  ],
  "auth": {
    "type": "bearer",
    "bearer": [
      {
        "key": "token",
        "value": "{{authToken}}",
        "type": "string"
      }
    ]
  },
  "item": [
    {
      "name": "Create Review",
      "request": {
        "method": "POST",
        "header": [
          {
            "key": "Content-Type",
            "value": "application/json"
          }
        ],
        "body": {
          "mode": "raw",
          "raw": "{\n  \"doctorId\": 1,\n  \"rating\": 5,\n  \"comment\": \"Excellent doctor with great bedside manner. Very knowledgeable and caring.\",\n  \"isRecommended\": true\n}"
        },
        "url": {
          "raw": "{{baseUrl}}/reviews",
          "host": ["{{baseUrl}}"],
          "path": ["reviews"]
        }
      },
      "response": []
    },
    {
      "name": "Get All Reviews",
      "request": {
        "method": "GET",
        "header": [],
        "url": {
          "raw": "{{baseUrl}}/reviews?page=1&limit=10&sortBy=createdAt&sortOrder=DESC",
          "host": ["{{baseUrl}}"],
          "path": ["reviews"],
          "query": [
            {
              "key": "page",
              "value": "1"
            },
            {
              "key": "limit",
              "value": "10"
            },
            {
              "key": "sortBy",
              "value": "createdAt"
            },
            {
              "key": "sortOrder",
              "value": "DESC"
            }
          ]
        }
      },
      "response": []
    },
    {
      "name": "Get Reviews by Doctor",
      "request": {
        "method": "GET",
        "header": [],
        "url": {
          "raw": "{{baseUrl}}/reviews/doctor/1?page=1&limit=10",
          "host": ["{{baseUrl}}"],
          "path": ["reviews", "doctor", "1"],
          "query": [
            {
              "key": "page",
              "value": "1"
            },
            {
              "key": "limit",
              "value": "10"
            }
          ]
        }
      },
      "response": []
    },
    {
      "name": "Get My Reviews",
      "request": {
        "method": "GET",
        "header": [],
        "url": {
          "raw": "{{baseUrl}}/reviews/patient/me?page=1&limit=10",
          "host": ["{{baseUrl}}"],
          "path": ["reviews", "patient", "me"],
          "query": [
            {
              "key": "page",
              "value": "1"
            },
            {
              "key": "limit",
              "value": "10"
            }
          ]
        }
      },
      "response": []
    },
    {
      "name": "Get Review Statistics",
      "request": {
        "method": "GET",
        "header": [],
        "url": {
          "raw": "{{baseUrl}}/reviews/statistics",
          "host": ["{{baseUrl}}"],
          "path": ["reviews", "statistics"]
        }
      },
      "response": []
    },
    {
      "name": "Get Review Statistics by Doctor",
      "request": {
        "method": "GET",
        "header": [],
        "url": {
          "raw": "{{baseUrl}}/reviews/statistics?doctorId=1",
          "host": ["{{baseUrl}}"],
          "path": ["reviews", "statistics"],
          "query": [
            {
              "key": "doctorId",
              "value": "1"
            }
          ]
        }
      },
      "response": []
    },
    {
      "name": "Get Review by ID",
      "request": {
        "method": "GET",
        "header": [],
        "url": {
          "raw": "{{baseUrl}}/reviews/1",
          "host": ["{{baseUrl}}"],
          "path": ["reviews", "1"]
        }
      },
      "response": []
    },
    {
      "name": "Update Review",
      "request": {
        "method": "PUT",
        "header": [
          {
            "key": "Content-Type",
            "value": "application/json"
          }
        ],
        "body": {
          "mode": "raw",
          "raw": "{\n  \"rating\": 4,\n  \"comment\": \"Updated comment - still a great doctor but room for improvement\",\n  \"isRecommended\": true\n}"
        },
        "url": {
          "raw": "{{baseUrl}}/reviews/1",
          "host": ["{{baseUrl}}"],
          "path": ["reviews", "1"]
        }
      },
      "response": []
    },
    {
      "name": "Delete Review",
      "request": {
        "method": "DELETE",
        "header": [],
        "url": {
          "raw": "{{baseUrl}}/reviews/1",
          "host": ["{{baseUrl}}"],
          "path": ["reviews", "1"]
        }
      },
      "response": []
    },
    {
      "name": "Get Reviews with Filters",
      "request": {
        "method": "GET",
        "header": [],
        "url": {
          "raw": "{{baseUrl}}/reviews?doctorId=1&rating=5&isRecommended=true&startDate=2024-01-01&endDate=2024-12-31&page=1&limit=5",
          "host": ["{{baseUrl}}"],
          "path": ["reviews"],
          "query": [
            {
              "key": "doctorId",
              "value": "1"
            },
            {
              "key": "rating",
              "value": "5"
            },
            {
              "key": "isRecommended",
              "value": "true"
            },
            {
              "key": "startDate",
              "value": "2024-01-01"
            },
            {
              "key": "endDate",
              "value": "2024-12-31"
            },
            {
              "key": "page",
              "value": "1"
            },
            {
              "key": "limit",
              "value": "5"
            }
          ]
        }
      },
      "response": []
    }
  ]
} 