{
  "info": {
    "name": "⚡ WebSocket Chat System - Fast & Furious",
    "description": "Complete collection for the blazing-fast real-time chat system with WebSocket support. Includes REST APIs for session management and WebSocket events for real-time messaging.",
    "schema": "https://schema.getpostman.com/json/collection/v2.1.0/collection.json"
  },
  "variable": [
    {
      "key": "base_url",
      "value": "http://localhost:3000",
      "type": "string"
    },
    {
      "key": "ws_url",
      "value": "ws://localhost:3000",
      "type": "string"
    },
    {
      "key": "patient_token",
      "value": "",
      "type": "string"
    },
    {
      "key": "doctor_token",
      "value": "",
      "type": "string"
    },
    {
      "key": "chat_session_id",
      "value": "",
      "type": "string"
    }
  ],
  "auth": {
    "type": "bearer",
    "bearer": [
      {
        "key": "token",
        "value": "{{patient_token}}",
        "type": "string"
      }
    ]
  },
  "event": [
    {
      "listen": "prerequest",
      "script": {
        "type": "text/javascript",
        "exec": [
          "// Auto-set token based on request context",
          "if (pm.request.url.path.includes('doctor')) {",
          "    pm.request.headers.add({",
          "        key: 'Authorization',",
          "        value: 'Bearer ' + pm.collectionVariables.get('doctor_token')",
          "    });",
          "} else {",
          "    pm.request.headers.add({",
          "        key: 'Authorization',",
          "        value: 'Bearer ' + pm.collectionVariables.get('patient_token')",
          "    });",
          "}"
        ]
      }
    }
  ],
  "item": [
    {
      "name": "🔐 Authentication",
      "item": [
        {
          "name": "Patient Login",
          "event": [
            {
              "listen": "test",
              "script": {
                "type": "text/javascript",
                "exec": [
                  "if (pm.response.code === 200) {",
                  "    const response = pm.response.json();",
                  "    pm.collectionVariables.set('patient_token', response.data.token);",
                  "    console.log('Patient token set:', response.data.token);",
                  "}"
                ]
              }
            }
          ],
          "request": {
            "method": "POST",
            "header": [
              {
                "key": "Content-Type",
                "value": "application/json"
              }
            ],
            "body": {
              "mode": "raw",
              "raw": "{\n  \"email\": \"patient@test.com\",\n  \"password\": \"password123\"\n}"
            },
            "url": {
              "raw": "{{base_url}}/api/auth/login",
              "host": ["{{base_url}}"],
              "path": ["api", "auth", "login"]
            }
          }
        },
        {
          "name": "Doctor Login",
          "event": [
            {
              "listen": "test",
              "script": {
                "type": "text/javascript",
                "exec": [
                  "if (pm.response.code === 200) {",
                  "    const response = pm.response.json();",
                  "    pm.collectionVariables.set('doctor_token', response.data.token);",
                  "    console.log('Doctor token set:', response.data.token);",
                  "}"
                ]
              }
            }
          ],
          "request": {
            "method": "POST",
            "header": [
              {
                "key": "Content-Type",
                "value": "application/json"
              }
            ],
            "body": {
              "mode": "raw",
              "raw": "{\n  \"email\": \"doctor@test.com\",\n  \"password\": \"password123\"\n}"
            },
            "url": {
              "raw": "{{base_url}}/api/auth/login",
              "host": ["{{base_url}}"],
              "path": ["api", "auth", "login"]
            }
          }
        }
      ]
    },
    {
      "name": "💬 Chat Sessions (REST APIs)",
      "item": [
        {
          "name": "Create Chat Session (Patient)",
          "event": [
            {
              "listen": "test",
              "script": {
                "type": "text/javascript",
                "exec": [
                  "if (pm.response.code === 201) {",
                  "    const response = pm.response.json();",
                  "    pm.collectionVariables.set('chat_session_id', response.data.id);",
                  "    console.log('Chat session created:', response.data.id);",
                  "}"
                ]
              }
            }
          ],
          "request": {
            "method": "POST",
            "header": [
              {
                "key": "Content-Type",
                "value": "application/json"
              }
            ],
            "body": {
              "mode": "raw",
              "raw": "{\n  \"doctorId\": 2,\n  \"sessionType\": \"chat\",\n  \"notes\": \"Initial consultation request\"\n}"
            },
            "url": {
              "raw": "{{base_url}}/api/chat/sessions",
              "host": ["{{base_url}}"],
              "path": ["api", "chat", "sessions"]
            }
          }
        },
        {
          "name": "Get User Sessions (Patient)",
          "request": {
            "method": "GET",
            "header": [],
            "url": {
              "raw": "{{base_url}}/api/chat/sessions?page=1&limit=10&status=active",
              "host": ["{{base_url}}"],
              "path": ["api", "chat", "sessions"],
              "query": [
                {
                  "key": "page",
                  "value": "1"
                },
                {
                  "key": "limit",
                  "value": "10"
                },
                {
                  "key": "status",
                  "value": "active"
                }
              ]
            }
          }
        },
        {
          "name": "Get User Sessions (Doctor)",
          "request": {
            "method": "GET",
            "header": [],
            "url": {
              "raw": "{{base_url}}/api/chat/sessions?page=1&limit=10&status=active",
              "host": ["{{base_url}}"],
              "path": ["api", "chat", "sessions"],
              "query": [
                {
                  "key": "page",
                  "value": "1"
                },
                {
                  "key": "limit",
                  "value": "10"
                },
                {
                  "key": "status",
                  "value": "active"
                }
              ]
            }
          }
        },
        {
          "name": "Get Session Details",
          "request": {
            "method": "GET",
            "header": [],
            "url": {
              "raw": "{{base_url}}/api/chat/sessions/{{chat_session_id}}",
              "host": ["{{base_url}}"],
              "path": ["api", "chat", "sessions", "{{chat_session_id}}"]
            }
          }
        },
        {
          "name": "Get Session Status",
          "request": {
            "method": "GET",
            "header": [],
            "url": {
              "raw": "{{base_url}}/api/chat/sessions/{{chat_session_id}}/status",
              "host": ["{{base_url}}"],
              "path": ["api", "chat", "sessions", "{{chat_session_id}}", "status"]
            }
          }
        },
        {
          "name": "Start Chat Session (Doctor)",
          "request": {
            "method": "PUT",
            "header": [
              {
                "key": "Content-Type",
                "value": "application/json"
              }
            ],
            "body": {
              "mode": "raw",
              "raw": "{}"
            },
            "url": {
              "raw": "{{base_url}}/api/chat/sessions/{{chat_session_id}}/start",
              "host": ["{{base_url}}"],
              "path": ["api", "chat", "sessions", "{{chat_session_id}}", "start"]
            }
          }
        },
        {
          "name": "End Chat Session",
          "request": {
            "method": "PUT",
            "header": [
              {
                "key": "Content-Type",
                "value": "application/json"
              }
            ],
            "body": {
              "mode": "raw",
              "raw": "{\n  \"notes\": \"Session completed successfully\"\n}"
            },
            "url": {
              "raw": "{{base_url}}/api/chat/sessions/{{chat_session_id}}/end",
              "host": ["{{base_url}}"],
              "path": ["api", "chat", "sessions", "{{chat_session_id}}", "end"]
            }
          }
        }
      ]
    },
    {
      "name": "📨 Chat Messages (REST APIs)",
      "item": [
        {
          "name": "Send Text Message",
          "request": {
            "method": "POST",
            "header": [
              {
                "key": "Content-Type",
                "value": "application/json"
              }
            ],
            "body": {
              "mode": "raw",
              "raw": "{\n  \"content\": \"Hello Doctor! I have some health concerns.\",\n  \"messageType\": \"text\"\n}"
            },
            "url": {
              "raw": "{{base_url}}/api/chat/sessions/{{chat_session_id}}/messages",
              "host": ["{{base_url}}"],
              "path": ["api", "chat", "sessions", "{{chat_session_id}}", "messages"]
            }
          }
        },
        {
          "name": "Send Image Message",
          "request": {
            "method": "POST",
            "header": [],
            "body": {
              "mode": "formdata",
              "formdata": [
                {
                  "key": "content",
                  "value": "Medical report image",
                  "type": "text"
                },
                {
                  "key": "messageType",
                  "value": "image",
                  "type": "text"
                },
                {
                  "key": "file",
                  "type": "file",
                  "src": []
                }
              ]
            },
            "url": {
              "raw": "{{base_url}}/api/chat/sessions/{{chat_session_id}}/messages",
              "host": ["{{base_url}}"],
              "path": ["api", "chat", "sessions", "{{chat_session_id}}", "messages"]
            }
          }
        },
        {
          "name": "Send File Message",
          "request": {
            "method": "POST",
            "header": [],
            "body": {
              "mode": "formdata",
              "formdata": [
                {
                  "key": "content",
                  "value": "Medical documents",
                  "type": "text"
                },
                {
                  "key": "messageType",
                  "value": "file",
                  "type": "text"
                },
                {
                  "key": "file",
                  "type": "file",
                  "src": []
                }
              ]
            },
            "url": {
              "raw": "{{base_url}}/api/chat/sessions/{{chat_session_id}}/messages",
              "host": ["{{base_url}}"],
              "path": ["api", "chat", "sessions", "{{chat_session_id}}", "messages"]
            }
          }
        },
        {
          "name": "Get Session Messages",
          "request": {
            "method": "GET",
            "header": [],
            "url": {
              "raw": "{{base_url}}/api/chat/sessions/{{chat_session_id}}/messages?page=1&limit=50",
              "host": ["{{base_url}}"],
              "path": ["api", "chat", "sessions", "{{chat_session_id}}", "messages"],
              "query": [
                {
                  "key": "page",
                  "value": "1"
                },
                {
                  "key": "limit",
                  "value": "50"
                }
              ]
            }
          }
        },
        {
          "name": "Mark Messages as Read",
          "request": {
            "method": "PUT",
            "header": [
              {
                "key": "Content-Type",
                "value": "application/json"
              }
            ],
            "body": {
              "mode": "raw",
              "raw": "{\n  \"messageIds\": [\"1\", \"2\", \"3\"]\n}"
            },

            "url": {
              "raw": "{{base_url}}/api/chat/sessions/{{chat_session_id}}/messages/read",
              "host": ["{{base_url}}"],
              "path": ["api", "chat", "sessions", "{{chat_session_id}}", "messages", "read"]
            }
          }
        }
      ]
    },
    {
      "name": "⚡ WebSocket Events",
      "description": "WebSocket events for real-time chat functionality. Use a WebSocket client or the HTML test page to test these events.",
      "item": [
        {
          "name": "🔌 WebSocket Connection",
          "request": {
            "method": "GET",
            "header": [
              {
                "key": "Upgrade",
                "value": "websocket"
              },
              {
                "key": "Connection",
                "value": "Upgrade"
              },
              {
                "key": "Sec-WebSocket-Key",
                "value": "dGhlIHNhbXBsZSBub25jZQ=="
              },
              {
                "key": "Sec-WebSocket-Version",
                "value": "13"
              },
              {
                "key": "Authorization",
                "value": "Bearer {{patient_token}}"
              }
            ],
            "url": {
              "raw": "{{ws_url}}/socket.io/?EIO=4&transport=websocket",
              "host": ["{{ws_url}}"],
              "path": ["socket.io", ""],
              "query": [
                {
                  "key": "EIO",
                  "value": "4"
                },
                {
                  "key": "transport",
                  "value": "websocket"
                }
              ]
            }
          }
        },
        {
          "name": "🎯 Join Session Event",
          "request": {
            "method": "POST",
            "header": [
              {
                "key": "Content-Type",
                "value": "application/json"
              }
            ],
            "body": {
              "mode": "raw",
              "raw": "{\n  \"event\": \"join-session\",\n  \"data\": \"{{chat_session_id}}\"\n}"
            },
            "url": {
              "raw": "{{ws_url}}/socket.io/",
              "host": ["{{ws_url}}"],
              "path": ["socket.io", ""]
            }
          }
        },
        {
          "name": "📤 Send Message Event",
          "request": {
            "method": "POST",
            "header": [
              {
                "key": "Content-Type",
                "value": "application/json"
              }
            ],
            "body": {
              "mode": "raw",
              "raw": "{\n  \"event\": \"send-message\",\n  \"data\": {\n    \"sessionId\": \"{{chat_session_id}}\",\n    \"content\": \"Hello from WebSocket!\",\n    \"messageType\": \"text\"\n  }\n}"
            },
            "url": {
              "raw": "{{ws_url}}/socket.io/",
              "host": ["{{ws_url}}"],
              "path": ["socket.io", ""]
            }
          }
        },
        {
          "name": "⌨️ Typing Start Event",
          "request": {
            "method": "POST",
            "header": [
              {
                "key": "Content-Type",
                "value": "application/json"
              }
            ],
            "body": {
              "mode": "raw",
              "raw": "{\n  \"event\": \"typing-start\",\n  \"data\": \"{{chat_session_id}}\"\n}"
            },
            "url": {
              "raw": "{{ws_url}}/socket.io/",
              "host": ["{{ws_url}}"],
              "path": ["socket.io", ""]
            }
          }
        },
        {
          "name": "⌨️ Typing Stop Event",
          "request": {
            "method": "POST",
            "header": [
              {
                "key": "Content-Type",
                "value": "application/json"
              }
            ],
            "body": {
              "mode": "raw",
              "raw": "{\n  \"event\": \"typing-stop\",\n  \"data\": \"{{chat_session_id}}\"\n}"
            },
            "url": {
              "raw": "{{ws_url}}/socket.io/",
              "host": ["{{ws_url}}"],
              "path": ["socket.io", ""]
            }
          }
        },
        {
          "name": "👁️ Mark Messages Read Event",
          "request": {
            "method": "POST",
            "header": [
              {
                "key": "Content-Type",
                "value": "application/json"
              }
            ],
            "body": {
              "mode": "raw",
              "raw": "{\n  \"event\": \"mark-read\",\n  \"data\": [\"1\", \"2\", \"3\"]\n}"
            },
            "url": {
              "raw": "{{ws_url}}/socket.io/",
              "host": ["{{ws_url}}"],
              "path": ["socket.io", ""]
            }
          }
        },
        {
          "name": "🔄 Update Session Status Event",
          "request": {
            "method": "POST",
            "header": [
              {
                "key": "Content-Type",
                "value": "application/json"
              }
            ],
            "body": {
              "mode": "raw",
              "raw": "{\n  \"event\": \"update-session-status\",\n  \"data\": {\n    \"sessionId\": \"{{chat_session_id}}\",\n    \"status\": \"completed\"\n  }\n}"
            },
            "url": {
              "raw": "{{ws_url}}/socket.io/",
              "host": ["{{ws_url}}"],
              "path": ["socket.io", ""]
            }
          }
        }
      ]
    },
    {
      "name": "📋 Session Types Examples",
      "item": [
        {
          "name": "Create Audio Call Session",
          "request": {
            "method": "POST",
            "header": [
              {
                "key": "Content-Type",
                "value": "application/json"
              }
            ],
            "body": {
              "mode": "raw",
              "raw": "{\n  \"doctorId\": 2,\n  \"sessionType\": \"audio_call\",\n  \"notes\": \"Audio consultation request\"\n}"
            },
            "url": {
              "raw": "{{base_url}}/api/chat/sessions",
              "host": ["{{base_url}}"],
              "path": ["api", "chat", "sessions"]
            }
          }
        },
        {
          "name": "Create Video Call Session",
          "request": {
            "method": "POST",
            "header": [
              {
                "key": "Content-Type",
                "value": "application/json"
              }
            ],
            "body": {
              "mode": "raw",
              "raw": "{\n  \"doctorId\": 2,\n  \"sessionType\": \"video_call\",\n  \"notes\": \"Video consultation request\"\n}"
            },
            "url": {
              "raw": "{{base_url}}/api/chat/sessions",
              "host": ["{{base_url}}"],
              "path": ["api", "chat", "sessions"]
            }
          }
        }
      ]
    },
    {
      "name": "🧪 Testing Tools",
      "item": [
        {
          "name": "HTML Chat Test Page",
          "request": {
            "method": "GET",
            "header": [],
            "url": {
              "raw": "{{base_url}}/chat-test.html",
              "host": ["{{base_url}}"],
              "path": ["chat-test.html"]
            }
          }
        },
        {
          "name": "Health Check",
          "request": {
            "method": "GET",
            "header": [],
            "url": {
              "raw": "{{base_url}}/health",
              "host": ["{{base_url}}"],
              "path": ["health"]
            }
          }
        }
      ]
    }
  ]
}

